<?xml version="1.0" encoding="UTF-8"?>
<rss version="2.0" xmlns:ror="http://rorweb.com/0.1/" >
<channel>
  <title>ROR Sitemap for http://www.geofx.com/</title>
  <link>http://www.geofx.com/</link>

<item>
     <link>http://www.geofx.com/</link>
     <title>Geo-F/X</title>
     <description>NeHe Lesson 34 in three.js and WebGL, developed by Geo-F/X - GeoFX</description>
     <ror:updatePeriod>monthly</ror:updatePeriod>
     <ror:sortOrder>0</ror:sortOrder>
     <ror:resourceOf>sitemap</ror:resourceOf>
</item>
<item>
     <link>http://www.geofx.com/index.html</link>
     <title>Geo-F/X</title>
     <description>NeHe Lesson 34 in three.js and WebGL, developed by Geo-F/X - GeoFX</description>
     <ror:updatePeriod>monthly</ror:updatePeriod>
     <ror:sortOrder>1</ror:sortOrder>
     <ror:resourceOf>sitemap</ror:resourceOf>
</item>
<item>
     <link>http://www.geofx.com/publishing/readium.html</link>
     <title>Readium and Geo-F/X - EPUB, eBooks and Digital Publishing - GeoFX</title>
     <description>Geo-F/X and Readium - Digital Publishing, EPUB, eBooks, WebGL, SVG, GIS and Graphics - Geo-F/X</description>
     <ror:updatePeriod>monthly</ror:updatePeriod>
     <ror:sortOrder>1</ror:sortOrder>
     <ror:resourceOf>sitemap</ror:resourceOf>
</item>
<item>
     <link>http://www.geofx.com/publishing/epub.html</link>
     <title>EPUB and  Geo-F/X - eBooks and Digital Publishing - GeoFX</title>
     <description>Geo-F/X's role inn EPUB - Digital Publishing, EPUB, eBooks, Readium, WebGL, SVG, GIS and Graphics - Geo-F/X</description>
     <ror:updatePeriod>monthly</ror:updatePeriod>
     <ror:sortOrder>1</ror:sortOrder>
     <ror:resourceOf>sitemap</ror:resourceOf>
</item>
<item>
     <link>http://www.geofx.com/publishing/ebooks.html</link>
     <title>eBooks and Geo-F/X - EPUB and Digital Publishing - GeoFX</title>
     <description>Geo-F/X's role in the eBook industry - Digital Publishing, EPUB, eBooks, Readium, WebGL, SVG - GeoFX</description>
     <ror:updatePeriod>monthly</ror:updatePeriod>
     <ror:sortOrder>1</ror:sortOrder>
     <ror:resourceOf>sitemap</ror:resourceOf>
</item>
<item>
     <link>http://www.geofx.com/publishing/svg.html</link>
     <title>SVG and Geo-F/X - Graphics and PostScript on the Web - GeoFX</title>
     <description>Geo-F/X and SVG - developing PostScript for the Web -  Digital Publishing, EPUB, eBooks, Readium, WebGL, SVG, GIS and Graphics - Geo-F/X</description>
     <ror:updatePeriod>monthly</ror:updatePeriod>
     <ror:sortOrder>1</ror:sortOrder>
     <ror:resourceOf>sitemap</ror:resourceOf>
</item>
<item>
     <link>http://www.geofx.com/graphics/nehe-three-js/nehe-three-js.html</link>
     <title>Digital Publishing, EPUB, Graphics, GIS Consulting</title>
     <description>Digital Publishing, EPUB, Graphics, GIS Consulting</description>
     <ror:updatePeriod>monthly</ror:updatePeriod>
     <ror:sortOrder>1</ror:sortOrder>
     <ror:resourceOf>sitemap</ror:resourceOf>
</item>
<item>
     <link>http://www.geofx.com/graphics/svg-anim/svg-anim.html</link>
     <title>SVG Animation</title>
     <description>SVG Animation</description>
     <ror:updatePeriod>monthly</ror:updatePeriod>
     <ror:sortOrder>1</ror:sortOrder>
     <ror:resourceOf>sitemap</ror:resourceOf>
</item>
<item>
     <link>http://www.geofx.com/graphics/epub-webgl/epub-webgl.html</link>
     <title>EPUB, three.js and WebGL - Tools and Tutorial - GeoFX</title>
     <description>How to use three.js and WebGL in EPUB eBooks, developed by Geo-F/X - GeoFX</description>
     <ror:updatePeriod>monthly</ror:updatePeriod>
     <ror:sortOrder>1</ror:sortOrder>
     <ror:resourceOf>sitemap</ror:resourceOf>
</item>
<item>
     <link>http://www.geofx.com/graphics/eclipse-jogl/eclipse-jogl.html</link>
     <title>Eclipse and JOGL - Tools and Tutorial - GeoFX</title>
     <description>How to use Eclipse, Java and JOGL with sample code developed by Geo-F/X - GeoFX</description>
     <ror:updatePeriod>monthly</ror:updatePeriod>
     <ror:sortOrder>1</ror:sortOrder>
     <ror:resourceOf>sitemap</ror:resourceOf>
</item>
<item>
     <link>http://www.geofx.com/gis/contouring/contouring.html</link>
     <title>Contouring - Algorithms, Demos, Illustrations - GeoFX</title>
     <description>Contouring algorthims developed by Geo-F/X - GeoFX</description>
     <ror:updatePeriod>monthly</ror:updatePeriod>
     <ror:sortOrder>1</ror:sortOrder>
     <ror:resourceOf>sitemap</ror:resourceOf>
</item>
<item>
     <link>http://www.geofx.com/gis/projections/projections.html</link>
     <title>Map Projections - Algorithms, Illustrations - GeoFX</title>
     <description>Map projection algorthims developed by Geo-F/X - GeoFX</description>
     <ror:updatePeriod>monthly</ror:updatePeriod>
     <ror:sortOrder>1</ror:sortOrder>
     <ror:resourceOf>sitemap</ror:resourceOf>
</item>
<item>
     <link>http://www.geofx.com/gis/simulations/simulations.html</link>
     <title>Geographic Simulations - Hydrology, Climatology, Hurricanes - Algorithms, Illustrations - GeoFX</title>
     <description>Geographic simulations of hydrology, climatology developed by Geo-F/X - GeoFX</description>
     <ror:updatePeriod>monthly</ror:updatePeriod>
     <ror:sortOrder>1</ror:sortOrder>
     <ror:resourceOf>sitemap</ror:resourceOf>
</item>
<item>
     <link>http://www.geofx.com/gis/sculpture/bronze-sculptures.html</link>
     <title>Bronze Global Scultures Museum Natural History New York - GeoFX</title>
     <description>Bronze Sculptures of Earth and Moon developed by Geo-F/X at the Museum Natural History New York - GeoFX</description>
     <ror:updatePeriod>monthly</ror:updatePeriod>
     <ror:sortOrder>1</ror:sortOrder>
     <ror:resourceOf>sitemap</ror:resourceOf>
</item>
<item>
     <link>http://www.geofx.com/about/about.html</link>
     <title>About Geo-F/X - What We Do and How We Got Here - GeoFX</title>
     <description>Consulting in Digital Publishing, EPUB, eBooks, Readium, WebGL, SVG, GIS and Graphics - Geo-F/X</description>
     <ror:updatePeriod>monthly</ror:updatePeriod>
     <ror:sortOrder>1</ror:sortOrder>
     <ror:resourceOf>sitemap</ror:resourceOf>
</item>
<item>
     <link>http://www.geofx.com/about/pro-bono.html</link>
     <title>About Geo-F/X - What We Do and How We Got Here - GeoFX</title>
     <description>Pro Bono activities by Geo-F/X, Moraine Hills, Volo Bog, Run For the Hills - GeoFX</description>
     <ror:updatePeriod>monthly</ror:updatePeriod>
     <ror:sortOrder>1</ror:sortOrder>
     <ror:resourceOf>sitemap</ror:resourceOf>
</item>
<item>
     <link>http://www.geofx.com/about/rkw_resume.html</link>
     <title>Richard K. Wright Ph.D. Resume - Curriculum Vitae - GeoFX</title>
     <description>Resume of Richard K. Wright, Ph.D. Principal in Geo-F/X - GeoFX</description>
     <ror:updatePeriod>monthly</ror:updatePeriod>
     <ror:sortOrder>1</ror:sortOrder>
     <ror:resourceOf>sitemap</ror:resourceOf>
</item>
<item>
     <link>http://www.geofx.com/about/contacts.html</link>
     <title>Contact Geo-F/X - How to Contact Us email, phone, skype - GeoFX</title>
     <description>Consulting in Digital Publishing, EPUB, eBooks, Readium, WebGL, SVG, GIS and Graphics - Geo-F/X</description>
     <ror:updatePeriod>monthly</ror:updatePeriod>
     <ror:sortOrder>1</ror:sortOrder>
     <ror:resourceOf>sitemap</ror:resourceOf>
</item>
<item>
     <link>http://www.geofx.com/blog/</link>
     <title>Geo-F/X Blog - Graphics: three.js WebGL OpenGL SVG PostScript LetraSet Diazo ...</title>
     <description>Graphics: three.js WebGL OpenGL SVG PostScript LetraSet Diazo ...</description>
     <ror:updatePeriod>monthly</ror:updatePeriod>
     <ror:sortOrder>1</ror:sortOrder>
     <ror:resourceOf>sitemap</ror:resourceOf>
</item>
<item>
     <link>http://www.geofx.com/graphics/nehe-three-js/lessons01-08/lessons-01-08.html</link>
     <title>Lessons 1-8 - NeHe, three.js and WebGL - Tutorial - GeoFX</title>
     <description>NeHe Lessons 1-8 in three.js and WebGL, developed by Geo-F/X - GeoFX</description>
     <ror:updatePeriod>monthly</ror:updatePeriod>
     <ror:sortOrder>2</ror:sortOrder>
     <ror:resourceOf>sitemap</ror:resourceOf>
</item>
<item>
     <link>http://www.geofx.com/graphics/nehe-three-js/lessons09-16/lessons-09-16.html</link>
     <title>Lessons 9-16 - NeHe, three.js and WebGL - Tutorial - GeoFX</title>
     <description>NeHe Lessons 9-16 in three.js and WebGL, developed by Geo-F/X - GeoFX</description>
     <ror:updatePeriod>monthly</ror:updatePeriod>
     <ror:sortOrder>2</ror:sortOrder>
     <ror:resourceOf>sitemap</ror:resourceOf>
</item>
<item>
     <link>http://www.geofx.com/graphics/nehe-three-js/lessons17-24/lessons-17-24.html</link>
     <title>Lessons 17-24 - NeHe, three.js and WebGL - Tutorial - GeoFX</title>
     <description>NeHe Lessons 17-24 in three.js and WebGL, developed by Geo-F/X - GeoFX</description>
     <ror:updatePeriod>monthly</ror:updatePeriod>
     <ror:sortOrder>2</ror:sortOrder>
     <ror:resourceOf>sitemap</ror:resourceOf>
</item>
<item>
     <link>http://www.geofx.com/graphics/nehe-three-js/lessons25-32/lessons-25-32.html</link>
     <title>Lessons 25-32 - NeHe, three.js and WebGL - Tutorial - GeoFX</title>
     <description>NeHe Lessons 25-32 in three.js and WebGL, developed by Geo-F/X - GeoFX</description>
     <ror:updatePeriod>monthly</ror:updatePeriod>
     <ror:sortOrder>2</ror:sortOrder>
     <ror:resourceOf>sitemap</ror:resourceOf>
</item>
<item>
     <link>http://www.geofx.com/graphics/nehe-three-js/lessons33-40/lessons-33-40.html</link>
     <title>Lessons 33-40 - NeHe, three.js and WebGL - Tutorial - GeoFX</title>
     <description>NeHe Lessons 33-40 in three.js and WebGL, developed by Geo-F/X - GeoFX</description>
     <ror:updatePeriod>monthly</ror:updatePeriod>
     <ror:sortOrder>2</ror:sortOrder>
     <ror:resourceOf>sitemap</ror:resourceOf>
</item>
<item>
     <link>http://www.geofx.com/graphics/nehe-three-js/lessons41-48/lessons-41-48.html</link>
     <title>Lessons 33-40 - NeHe, three.js and WebGL - Tutorial - GeoFX</title>
     <description>NeHe Lessons 33-40 in three.js and WebGL, developed by Geo-F/X - GeoFX</description>
     <ror:updatePeriod>monthly</ror:updatePeriod>
     <ror:sortOrder>2</ror:sortOrder>
     <ror:resourceOf>sitemap</ror:resourceOf>
</item>
<item>
     <link>http://www.geofx.com/graphics/svg-anim/lesson6/lesson6.html</link>
     <title>Lesson 6</title>
     <description>Lesson 6</description>
     <ror:updatePeriod>monthly</ror:updatePeriod>
     <ror:sortOrder>2</ror:sortOrder>
     <ror:resourceOf>sitemap</ror:resourceOf>
</item>
<item>
     <link>http://www.geofx.com/graphics/svg-anim/lesson7/lesson7.html</link>
     <title>Lesson 7</title>
     <description>Lesson 7</description>
     <ror:updatePeriod>monthly</ror:updatePeriod>
     <ror:sortOrder>2</ror:sortOrder>
     <ror:resourceOf>sitemap</ror:resourceOf>
</item>
<item>
     <link>http://www.geofx.com/graphics/svg-anim/tempwave/tempwave.html</link>
     <title>TempWave Demo</title>
     <description>TempWave Demo</description>
     <ror:updatePeriod>monthly</ror:updatePeriod>
     <ror:sortOrder>2</ror:sortOrder>
     <ror:resourceOf>sitemap</ror:resourceOf>
</item>
<item>
     <link>http://www.geofx.com/graphics/svg-anim/hurricane/hurricane.html</link>
     <title>Hurricane Andrew</title>
     <description>Hurricane Andrew</description>
     <ror:updatePeriod>monthly</ror:updatePeriod>
     <ror:sortOrder>2</ror:sortOrder>
     <ror:resourceOf>sitemap</ror:resourceOf>
</item>
<item>
     <link>http://www.geofx.com/graphics/svg-anim/statepop/statepop.html</link>
     <title>State Pop Map</title>
     <description>State Pop Map</description>
     <ror:updatePeriod>monthly</ror:updatePeriod>
     <ror:sortOrder>2</ror:sortOrder>
     <ror:resourceOf>sitemap</ror:resourceOf>
</item>
<item>
     <link>http://www.geofx.com/graphics/svg-anim/bouncingtiger/bouncingtiger.html</link>
     <title>Bouncing Tiger</title>
     <description>Bouncing Tiger</description>
     <ror:updatePeriod>monthly</ror:updatePeriod>
     <ror:sortOrder>2</ror:sortOrder>
     <ror:resourceOf>sitemap</ror:resourceOf>
</item>
<item>
     <link>http://www.geofx.com/graphics/eclipse-jogl/intro-JOGL.html</link>
     <title>Intro to Eclipse and JOGL - Tools and Tutorial - GeoFX</title>
     <description>How to use Eclipse, Java and JOGL with sample code developed by Geo-F/X - GeoFX</description>
     <ror:updatePeriod>monthly</ror:updatePeriod>
     <ror:sortOrder>2</ror:sortOrder>
     <ror:resourceOf>sitemap</ror:resourceOf>
</item>
<item>
     <link>http://www.geofx.com/graphics/eclipse-jogl/opengl-scene.html</link>
     <title>Simple Scene with  Eclipse and JOGL - Tools and Tutorial - GeoFX</title>
     <description>A Java class to instantiate a scene in Eclipse, Java and JOGL with sample code developed by Geo-F/X - GeoFX</description>
     <ror:updatePeriod>monthly</ror:updatePeriod>
     <ror:sortOrder>2</ror:sortOrder>
     <ror:resourceOf>sitemap</ror:resourceOf>
</item>
<item>
     <link>http://www.geofx.com/graphics/eclipse-jogl/text-render.html</link>
     <title>Text Rendering in Eclipse with JOGL - Tools and Tutorial - GeoFX</title>
     <description>How to render extruded text in Eclipse with Java and JOGL - sample code developed by Geo-F/X - GeoFX</description>
     <ror:updatePeriod>monthly</ror:updatePeriod>
     <ror:sortOrder>2</ror:sortOrder>
     <ror:resourceOf>sitemap</ror:resourceOf>
</item>
<item>
     <link>http://www.geofx.com/gis/contouring/stroke-contour2d.html</link>
     <title>Stroked Contours - Algorithms, Demos, Illustrations - GeoFX</title>
     <description>Stroked Contouring algorthims developed by Geo-F/X - GeoFX</description>
     <ror:updatePeriod>monthly</ror:updatePeriod>
     <ror:sortOrder>2</ror:sortOrder>
     <ror:resourceOf>sitemap</ror:resourceOf>
</item>
<item>
     <link>http://www.geofx.com/gis/contouring/fill-contour2d.html</link>
     <title>2D Filled Contours - Algorithms, Demos, Illustrations - GeoFX</title>
     <description>Filled contouring algorthims developed by Geo-F/X - GeoFX</description>
     <ror:updatePeriod>monthly</ror:updatePeriod>
     <ror:sortOrder>2</ror:sortOrder>
     <ror:resourceOf>sitemap</ror:resourceOf>
</item>
<item>
     <link>http://www.geofx.com/gis/contouring/tin.html</link>
     <title>Triangulated Contouring - Algorithms, Demos, Illustrations - GeoFX</title>
     <description>3D Contouring algorthims developed by Geo-F/X - GeoFX</description>
     <ror:updatePeriod>monthly</ror:updatePeriod>
     <ror:sortOrder>2</ror:sortOrder>
     <ror:resourceOf>sitemap</ror:resourceOf>
</item>
<item>
     <link>http://www.geofx.com/gis/contouring/contour3d.html</link>
     <title>Contouring - Algorithms, Demos, Illustrations - GeoFX</title>
     <description>3D Contouring algorthims developed by Geo-F/X - GeoFX</description>
     <ror:updatePeriod>monthly</ror:updatePeriod>
     <ror:sortOrder>2</ror:sortOrder>
     <ror:resourceOf>sitemap</ror:resourceOf>
</item>
<item>
     <link>http://www.geofx.com/gis/projections/projection_info.html</link>
     <title>Map Projections Info - Algorithms, Illustrations - GeoFX</title>
     <description>Map projection algorthims developed by Geo-F/X - GeoFX</description>
     <ror:updatePeriod>monthly</ror:updatePeriod>
     <ror:sortOrder>2</ror:sortOrder>
     <ror:resourceOf>sitemap</ror:resourceOf>
</item>
<item>
     <link>http://www.geofx.com/gis/projections/mercator.html</link>
     <title>Mercator Map Projections - Algorithms, Illustrations - GeoFX</title>
     <description>Mercator Map projection algorthims developed by Geo-F/X - GeoFX</description>
     <ror:updatePeriod>monthly</ror:updatePeriod>
     <ror:sortOrder>2</ror:sortOrder>
     <ror:resourceOf>sitemap</ror:resourceOf>
</item>
<item>
     <link>http://www.geofx.com/gis/projections/miller.html</link>
     <title>Miller Map Projections - Algorithms, Illustrations - GeoFX</title>
     <description>Miller Map projection algorthims developed by Geo-F/X - GeoFX</description>
     <ror:updatePeriod>monthly</ror:updatePeriod>
     <ror:sortOrder>2</ror:sortOrder>
     <ror:resourceOf>sitemap</ror:resourceOf>
</item>
<item>
     <link>http://www.geofx.com/gis/projections/robinson.html</link>
     <title>Robinson Map Projections - Algorithms, Illustrations - GeoFX</title>
     <description>Robinson Map projection algorthims developed by Geo-F/X - GeoFX</description>
     <ror:updatePeriod>monthly</ror:updatePeriod>
     <ror:sortOrder>2</ror:sortOrder>
     <ror:resourceOf>sitemap</ror:resourceOf>
</item>
<item>
     <link>http://www.geofx.com/gis/projections/mollweide.html</link>
     <title>Mollewide Map Projections - Algorithms, Illustrations - GeoFX</title>
     <description>Molleweide Map projection algorthims developed by Geo-F/X - GeoFX</description>
     <ror:updatePeriod>monthly</ror:updatePeriod>
     <ror:sortOrder>2</ror:sortOrder>
     <ror:resourceOf>sitemap</ror:resourceOf>
</item>
<item>
     <link>http://www.geofx.com/gis/projections/Sinusoidal.html</link>
     <title>Sinusoidal Map Projections - Algorithms, Illustrations - GeoFX</title>
     <description>Sinusoidal Map projection algorthims developed by Geo-F/X - GeoFX</description>
     <ror:updatePeriod>monthly</ror:updatePeriod>
     <ror:sortOrder>2</ror:sortOrder>
     <ror:resourceOf>sitemap</ror:resourceOf>
</item>
<item>
     <link>http://www.geofx.com/gis/projections/Spheroidal-150e.html</link>
     <title>Spheroidal 150E Map Projections - Algorithms, Illustrations - GeoFX</title>
     <description>Spheroidal 150E Map projection algorthims developed by Geo-F/X - GeoFX</description>
     <ror:updatePeriod>monthly</ror:updatePeriod>
     <ror:sortOrder>2</ror:sortOrder>
     <ror:resourceOf>sitemap</ror:resourceOf>
</item>
<item>
     <link>http://www.geofx.com/gis/projections/Spheroidal-110w.html</link>
     <title>Spheroidal 110W Map Projections - Algorithms, Illustrations - GeoFX</title>
     <description>Spheroidal Map projection algorthims developed by Geo-F/X - GeoFX</description>
     <ror:updatePeriod>monthly</ror:updatePeriod>
     <ror:sortOrder>2</ror:sortOrder>
     <ror:resourceOf>sitemap</ror:resourceOf>
</item>
<item>
     <link>http://www.geofx.com/gis/projections/Spheroidal-arctic.html</link>
     <title>Spheroidal Arctic Map Projections - Algorithms, Illustrations - GeoFX</title>
     <description>Spheroidal Arctic Map projection algorthims developed by Geo-F/X - GeoFX</description>
     <ror:updatePeriod>monthly</ror:updatePeriod>
     <ror:sortOrder>2</ror:sortOrder>
     <ror:resourceOf>sitemap</ror:resourceOf>
</item>
<item>
     <link>http://www.geofx.com/gis/projections/moon.html</link>
     <title>Moon Map Projection - Algorithms, Illustrations - GeoFX</title>
     <description>Moon Map projection algorthims developed by Geo-F/X - GeoFX</description>
     <ror:updatePeriod>monthly</ror:updatePeriod>
     <ror:sortOrder>2</ror:sortOrder>
     <ror:resourceOf>sitemap</ror:resourceOf>
</item>
<item>
     <link>http://www.geofx.com/gis/simulations/basin2d.html</link>
     <title>2D Simulation of a River Basin - Algorithms, Illustrations - GeoFX</title>
     <description>Geographic simulations of hydrology, climatology developed by Geo-F/X - GeoFX</description>
     <ror:updatePeriod>monthly</ror:updatePeriod>
     <ror:sortOrder>2</ror:sortOrder>
     <ror:resourceOf>sitemap</ror:resourceOf>
</item>
<item>
     <link>http://www.geofx.com/gis/simulations/basin3d.html</link>
     <title>3D Simulation of a River Basin - Algorithms, Illustrations - GeoFX</title>
     <description>Geographic simulations of hydrology, climatology developed by Geo-F/X - GeoFX</description>
     <ror:updatePeriod>monthly</ror:updatePeriod>
     <ror:sortOrder>2</ror:sortOrder>
     <ror:resourceOf>sitemap</ror:resourceOf>
</item>
<item>
     <link>http://www.geofx.com/gis/simulations/hydrograph.html</link>
     <title>Hydrograph of Water Balance in a Synthetic River Basin - Algorithms, Illustrations - GeoFX</title>
     <description>Hydrograph of a simulated water balance developed by Geo-F/X - GeoFX</description>
     <ror:updatePeriod>monthly</ror:updatePeriod>
     <ror:sortOrder>2</ror:sortOrder>
     <ror:resourceOf>sitemap</ror:resourceOf>
</item>
<item>
     <link>http://www.geofx.com/gis/simulations/hurr_george_sim.html</link>
     <title>Simulation of Hurrican George - Algorithms, Illustrations - GeoFX</title>
     <description>Simulation of Hurricane George, climatology developed by Geo-F/X - GeoFX</description>
     <ror:updatePeriod>monthly</ror:updatePeriod>
     <ror:sortOrder>2</ror:sortOrder>
     <ror:resourceOf>sitemap</ror:resourceOf>
</item>
<item>
     <link>http://www.geofx.com/gis/simulations/gms.html</link>
     <title>Geographic Modeling System - Java - GMS - Algorithms, Illustrations - GeoFX</title>
     <description>Geographic Modeling System developed by Geo-F/X - GeoFX</description>
     <ror:updatePeriod>monthly</ror:updatePeriod>
     <ror:sortOrder>2</ror:sortOrder>
     <ror:resourceOf>sitemap</ror:resourceOf>
</item>
<item>
     <link>http://www.geofx.com/about/rkwright_resume_20160829.pdf</link>
     <title></title>
     
     <ror:updatePeriod>monthly</ror:updatePeriod>
     <ror:sortOrder>2</ror:sortOrder>
     <ror:resourceOf>sitemap</ror:resourceOf>
</item>
<item>
     <link>http://www.geofx.com/blog/about/</link>
     <title>Geo-F/X Ric Wright graphics WebGL EPUB</title>
     <description>NeHe WebGL three.js GIS 3D Digital Publishing EPUB eBooks Readium SVG Graphics Geo-F/X Consulting - GeoFX W3C</description>
     <ror:updatePeriod>monthly</ror:updatePeriod>
     <ror:sortOrder>2</ror:sortOrder>
     <ror:resourceOf>sitemap</ror:resourceOf>
</item>
<item>
     <link>http://www.geofx.com/blog/webgl-threejs/nehe-lesson-11-waving-texture/</link>
     <title>three.js parametric surface performance GPU</title>
     <description>NeHe WebGL three.js parametric surface performance GIS 3D Digital Publishing EPUB eBooks Readium SVG Graphics Geo-F/X Consulting - GeoFX GPU</description>
     <ror:updatePeriod>monthly</ror:updatePeriod>
     <ror:sortOrder>2</ror:sortOrder>
     <ror:resourceOf>sitemap</ror:resourceOf>
</item>
<item>
     <link>http://www.geofx.com/blog/category/webgl-threejs/</link>
     <title>webgl-threejs Archives - Geo-F/X Blog</title>
     <description>webgl-threejs Archives - Geo-F/X Blog</description>
     <ror:updatePeriod>monthly</ror:updatePeriod>
     <ror:sortOrder>2</ror:sortOrder>
     <ror:resourceOf>sitemap</ror:resourceOf>
</item>
<item>
     <link>http://www.geofx.com/blog/webgl-threejs/nehe-lesson-9-10-house-sammy/</link>
     <title>NeHe WebGL masking textures three.js</title>
     <description>NeHe WebGL three.js GIS 3D Digital Publishing EPUB eBooks Readium SVG Graphics Geo-F/X Consulting - GeoFX masking textures</description>
     <ror:updatePeriod>monthly</ror:updatePeriod>
     <ror:sortOrder>2</ror:sortOrder>
     <ror:resourceOf>sitemap</ror:resourceOf>
</item>
<item>
     <link>http://www.geofx.com/graphics/nehe-three-js/lessons09-16/lesson10/lesson10.html</link>
     <title>Lesson 10 - NeHe, three.js and WebGL - Tutorial - GeoFX</title>
     <description>NeHe Lesson 10 in three.js and WebGL, developed by Geo-F/X - GeoFX</description>
     <ror:updatePeriod>monthly</ror:updatePeriod>
     <ror:sortOrder>2</ror:sortOrder>
     <ror:resourceOf>sitemap</ror:resourceOf>
</item>
<item>
     <link>http://www.geofx.com/blog/webgl-threejs/nehe-webgl-three-js/</link>
     <title>NeHe three.js WebGL lessons</title>
     <description>NeHe WebGL three.js GIS 3D Digital Publishing EPUB eBooks Readium SVG Graphics Geo-F/X Consulting - GeoFX</description>
     <ror:updatePeriod>monthly</ror:updatePeriod>
     <ror:sortOrder>2</ror:sortOrder>
     <ror:resourceOf>sitemap</ror:resourceOf>
</item>
<item>
     <link>http://www.geofx.com/graphics/nehe-three-js/lessons01-08/lesson01/lesson-01.html</link>
     <title>Lesson 1 - NeHe, three.js and WebGL - Tutorial - GeoFX</title>
     <description>NeHe Lesson 1 in three.js and WebGL, developed by Geo-F/X - GeoFX</description>
     <ror:updatePeriod>monthly</ror:updatePeriod>
     <ror:sortOrder>2</ror:sortOrder>
     <ror:resourceOf>sitemap</ror:resourceOf>
</item>
<item>
     <link>http://www.geofx.com/graphics/nehe-three-js/lessons01-08/lesson02/lesson-02.html</link>
     <title>Lesson 2 - NeHe, three.js and WebGL - Tutorial - GeoFX</title>
     <description>NeHe Lesson 2 in three.js and WebGL, developed by Geo-F/X - GeoFX</description>
     <ror:updatePeriod>monthly</ror:updatePeriod>
     <ror:sortOrder>2</ror:sortOrder>
     <ror:resourceOf>sitemap</ror:resourceOf>
</item>
<item>
     <link>http://www.geofx.com/graphics/nehe-three-js/lessons01-08/lesson03/lesson-03.html</link>
     <title>Lesson 3 - NeHe, three.js and WebGL - Tutorial - GeoFX</title>
     <description>NeHe Lesson 3 in three.js and WebGL, developed by Geo-F/X - GeoFX</description>
     <ror:updatePeriod>monthly</ror:updatePeriod>
     <ror:sortOrder>2</ror:sortOrder>
     <ror:resourceOf>sitemap</ror:resourceOf>
</item>
<item>
     <link>http://www.geofx.com/graphics/nehe-three-js/lessons01-08/lesson04/lesson-04.html</link>
     <title>Lesson 32 - NeHe, three.js and WebGL - Tutorial - GeoFX</title>
     <description>NeHe Lesson 32 in three.js and WebGL, developed by Geo-F/X - GeoFX</description>
     <ror:updatePeriod>monthly</ror:updatePeriod>
     <ror:sortOrder>2</ror:sortOrder>
     <ror:resourceOf>sitemap</ror:resourceOf>
</item>
<item>
     <link>http://www.geofx.com/graphics/nehe-three-js/lessons01-08/lesson05/lesson05.html</link>
     <title>Lesson 5 - NeHe, three.js and WebGL - Tutorial - GeoFX</title>
     <description>NeHe Lesson 5 in three.js and WebGL, developed by Geo-F/X - GeoFX</description>
     <ror:updatePeriod>monthly</ror:updatePeriod>
     <ror:sortOrder>2</ror:sortOrder>
     <ror:resourceOf>sitemap</ror:resourceOf>
</item>
<item>
     <link>http://www.geofx.com/graphics/nehe-three-js/lessons01-08/lesson06/lesson06.html</link>
     <title>Lesson 6 - NeHe, three.js and WebGL - Tutorial - GeoFX</title>
     <description>NeHe Lesson 6 in three.js and WebGL, developed by Geo-F/X - GeoFX</description>
     <ror:updatePeriod>monthly</ror:updatePeriod>
     <ror:sortOrder>2</ror:sortOrder>
     <ror:resourceOf>sitemap</ror:resourceOf>
</item>
<item>
     <link>http://www.geofx.com/graphics/nehe-three-js/lessons01-08/lesson07/lesson07.html</link>
     <title>Lesson 7 - NeHe, three.js and WebGL - Tutorial - GeoFX</title>
     <description>NeHe Lesson 7 in three.js and WebGL, developed by Geo-F/X - GeoFX</description>
     <ror:updatePeriod>monthly</ror:updatePeriod>
     <ror:sortOrder>2</ror:sortOrder>
     <ror:resourceOf>sitemap</ror:resourceOf>
</item>
<item>
     <link>http://www.geofx.com/graphics/nehe-three-js/lessons01-08/lesson08/lesson08.html</link>
     <title>Lesson 8 - NeHe, three.js and WebGL - Tutorial - GeoFX</title>
     <description>NeHe Lesson 8 in three.js and WebGL, developed by Geo-F/X - GeoFX</description>
     <ror:updatePeriod>monthly</ror:updatePeriod>
     <ror:sortOrder>2</ror:sortOrder>
     <ror:resourceOf>sitemap</ror:resourceOf>
</item>
<item>
     <link>http://www.geofx.com/blog/graphics/hello-world/</link>
     <title>three.js graphics digital publishing WebGL</title>
     <description>three.js graphics digital publishing WebGL NeHe WebGL GIS 3D EPUB eBooks Readium SVG Geo-F/X Consulting - GeoFX</description>
     <ror:updatePeriod>monthly</ror:updatePeriod>
     <ror:sortOrder>2</ror:sortOrder>
     <ror:resourceOf>sitemap</ror:resourceOf>
</item>
<item>
     <link>http://www.geofx.com/blog/category/graphics/</link>
     <title>graphics Archives - Geo-F/X Blog</title>
     <description>graphics Archives - Geo-F/X Blog</description>
     <ror:updatePeriod>monthly</ror:updatePeriod>
     <ror:sortOrder>2</ror:sortOrder>
     <ror:resourceOf>sitemap</ror:resourceOf>
</item>
<item>
     <link>http://www.geofx.com/graphics/nehe-three-js/lessons09-16/lesson09/lesson09.html</link>
     <title>Lesson 9 - NeHe, three.js and WebGL - Tutorial - GeoFX</title>
     <description>NeHe Lesson 9 in three.js and WebGL, developed by Geo-F/X - GeoFX</description>
     <ror:updatePeriod>monthly</ror:updatePeriod>
     <ror:sortOrder>3</ror:sortOrder>
     <ror:resourceOf>sitemap</ror:resourceOf>
</item>
<item>
     <link>http://www.geofx.com/graphics/nehe-three-js/lessons09-16/lesson11/lesson11.html</link>
     <title>Lesson 11 - NeHe, three.js and WebGL - Tutorial - GeoFX</title>
     <description>NeHe Lesson 11 in three.js and WebGL, developed by Geo-F/X - GeoFX</description>
     <ror:updatePeriod>monthly</ror:updatePeriod>
     <ror:sortOrder>3</ror:sortOrder>
     <ror:resourceOf>sitemap</ror:resourceOf>
</item>
<item>
     <link>http://www.geofx.com/graphics/nehe-three-js/lessons09-16/lesson12/lesson12.html</link>
     <title>Lesson 12 - NeHe, three.js and WebGL - Tutorial - GeoFX</title>
     <description>NeHe Lesson 12 in three.js and WebGL, developed by Geo-F/X - GeoFX</description>
     <ror:updatePeriod>monthly</ror:updatePeriod>
     <ror:sortOrder>3</ror:sortOrder>
     <ror:resourceOf>sitemap</ror:resourceOf>
</item>
<item>
     <link>http://www.geofx.com/graphics/nehe-three-js/lessons09-16/lesson13/lesson13.html</link>
     <title>Lesson 13 - NeHe, three.js and WebGL - Tutorial - GeoFX</title>
     <description>NeHe Lesson 13 in three.js and WebGL, developed by Geo-F/X - GeoFX</description>
     <ror:updatePeriod>monthly</ror:updatePeriod>
     <ror:sortOrder>3</ror:sortOrder>
     <ror:resourceOf>sitemap</ror:resourceOf>
</item>
<item>
     <link>http://www.geofx.com/graphics/nehe-three-js/lessons09-16/lesson14/lesson14.html</link>
     <title>Lesson 14 - NeHe, three.js and WebGL - Tutorial - GeoFX</title>
     <description>NeHe Lesson 14 in three.js and WebGL, developed by Geo-F/X - GeoFX</description>
     <ror:updatePeriod>monthly</ror:updatePeriod>
     <ror:sortOrder>3</ror:sortOrder>
     <ror:resourceOf>sitemap</ror:resourceOf>
</item>
<item>
     <link>http://www.geofx.com/graphics/nehe-three-js/lessons09-16/lesson15/lesson15.html</link>
     <title>Lesson 15 - NeHe, three.js and WebGL - Tutorial - GeoFX</title>
     <description>NeHe Lesson 15 in three.js and WebGL, developed by Geo-F/X - GeoFX</description>
     <ror:updatePeriod>monthly</ror:updatePeriod>
     <ror:sortOrder>3</ror:sortOrder>
     <ror:resourceOf>sitemap</ror:resourceOf>
</item>
<item>
     <link>http://www.geofx.com/graphics/nehe-three-js/lessons09-16/lesson16/lesson16.html</link>
     <title>Lesson 16 - NeHe, three.js and WebGL - Tutorial - GeoFX</title>
     <description>NeHe Lesson 16 in three.js and WebGL, developed by Geo-F/X - GeoFX</description>
     <ror:updatePeriod>monthly</ror:updatePeriod>
     <ror:sortOrder>3</ror:sortOrder>
     <ror:resourceOf>sitemap</ror:resourceOf>
</item>
<item>
     <link>http://www.geofx.com/graphics/nehe-three-js/lessons17-24/lesson17/lesson17.html</link>
     <title>Lesson 17 - NeHe, three.js and WebGL - Tutorial - GeoFX</title>
     <description>NeHe Lesson 17 in three.js and WebGL, developed by Geo-F/X - GeoFX</description>
     <ror:updatePeriod>monthly</ror:updatePeriod>
     <ror:sortOrder>3</ror:sortOrder>
     <ror:resourceOf>sitemap</ror:resourceOf>
</item>
<item>
     <link>http://www.geofx.com/graphics/nehe-three-js/lessons17-24/lesson18/lesson18.html</link>
     <title>Lesson 18 - NeHe, three.js and WebGL - Tutorial - GeoFX</title>
     <description>NeHe Lesson 18 in three.js and WebGL, developed by Geo-F/X - GeoFX</description>
     <ror:updatePeriod>monthly</ror:updatePeriod>
     <ror:sortOrder>3</ror:sortOrder>
     <ror:resourceOf>sitemap</ror:resourceOf>
</item>
<item>
     <link>http://www.geofx.com/graphics/nehe-three-js/lessons17-24/lesson19/lesson19.html</link>
     <title>Lesson 19 - NeHe, three.js and WebGL - Tutorial - GeoFX</title>
     <description>NeHe Lesson 19 in three.js and WebGL, developed by Geo-F/X - GeoFX</description>
     <ror:updatePeriod>monthly</ror:updatePeriod>
     <ror:sortOrder>3</ror:sortOrder>
     <ror:resourceOf>sitemap</ror:resourceOf>
</item>
<item>
     <link>http://www.geofx.com/graphics/nehe-three-js/lessons17-24/lesson20/lesson20.html</link>
     <title>Lesson 20 - NeHe, three.js and WebGL - Tutorial - GeoFX</title>
     <description>NeHe Lesson 20 in three.js and WebGL, developed by Geo-F/X - GeoFX</description>
     <ror:updatePeriod>monthly</ror:updatePeriod>
     <ror:sortOrder>3</ror:sortOrder>
     <ror:resourceOf>sitemap</ror:resourceOf>
</item>
<item>
     <link>http://www.geofx.com/graphics/nehe-three-js/lessons17-24/lesson21/lesson21.html</link>
     <title>Lesson 21 - NeHe, three.js and WebGL - Tutorial - GeoFX</title>
     <description>NeHe Lesson 21 in three.js and WebGL, developed by Geo-F/X - GeoFX</description>
     <ror:updatePeriod>monthly</ror:updatePeriod>
     <ror:sortOrder>3</ror:sortOrder>
     <ror:resourceOf>sitemap</ror:resourceOf>
</item>
<item>
     <link>http://www.geofx.com/graphics/nehe-three-js/lessons17-24/lesson22/lesson22.html</link>
     <title>Lesson 22 - NeHe, three.js and WebGL - Tutorial - GeoFX</title>
     <description>NeHe Lesson 22 in three.js and WebGL, developed by Geo-F/X - GeoFX</description>
     <ror:updatePeriod>monthly</ror:updatePeriod>
     <ror:sortOrder>3</ror:sortOrder>
     <ror:resourceOf>sitemap</ror:resourceOf>
</item>
<item>
     <link>http://www.geofx.com/graphics/nehe-three-js/lessons17-24/lesson23/lesson23.html</link>
     <title>Lesson 23 - NeHe, three.js and WebGL - Tutorial - GeoFX</title>
     <description>NeHe Lesson 23 in three.js and WebGL, developed by Geo-F/X - GeoFX</description>
     <ror:updatePeriod>monthly</ror:updatePeriod>
     <ror:sortOrder>3</ror:sortOrder>
     <ror:resourceOf>sitemap</ror:resourceOf>
</item>
<item>
     <link>http://www.geofx.com/graphics/nehe-three-js/lessons17-24/lesson24/lesson24.html</link>
     <title>Lesson 24 - NeHe, three.js and WebGL - Tutorial - GeoFX</title>
     <description>NeHe Lesson 24 in three.js and WebGL, developed by Geo-F/X - GeoFX</description>
     <ror:updatePeriod>monthly</ror:updatePeriod>
     <ror:sortOrder>3</ror:sortOrder>
     <ror:resourceOf>sitemap</ror:resourceOf>
</item>
<item>
     <link>http://www.geofx.com/graphics/nehe-three-js/lessons25-32/lesson25/lesson25.html</link>
     <title>Lesson 25 - NeHe, three.js and WebGL - Tutorial - GeoFX</title>
     <description>NeHe Lesson 25 in three.js and WebGL, developed by Geo-F/X - GeoFX</description>
     <ror:updatePeriod>monthly</ror:updatePeriod>
     <ror:sortOrder>3</ror:sortOrder>
     <ror:resourceOf>sitemap</ror:resourceOf>
</item>
<item>
     <link>http://www.geofx.com/graphics/nehe-three-js/lessons25-32/lesson26/lesson26.html</link>
     <title>Lesson 26 - NeHe, three.js and WebGL - Tutorial - GeoFX</title>
     <description>NeHe Lesson 26 in three.js and WebGL, developed by Geo-F/X - GeoFX</description>
     <ror:updatePeriod>monthly</ror:updatePeriod>
     <ror:sortOrder>3</ror:sortOrder>
     <ror:resourceOf>sitemap</ror:resourceOf>
</item>
<item>
     <link>http://www.geofx.com/graphics/nehe-three-js/lessons25-32/lesson27/lesson27.html</link>
     <title>Lesson 27 - NeHe, three.js and WebGL - Tutorial - GeoFX</title>
     <description>NeHe Lesson 27 in three.js and WebGL, developed by Geo-F/X - GeoFX</description>
     <ror:updatePeriod>monthly</ror:updatePeriod>
     <ror:sortOrder>3</ror:sortOrder>
     <ror:resourceOf>sitemap</ror:resourceOf>
</item>
<item>
     <link>http://www.geofx.com/graphics/nehe-three-js/lessons25-32/lesson28/lesson28.html</link>
     <title>Lesson 28 - NeHe, three.js and WebGL - Tutorial - GeoFX</title>
     <description>NeHe Lesson 28 in three.js and WebGL, developed by Geo-F/X - GeoFX</description>
     <ror:updatePeriod>monthly</ror:updatePeriod>
     <ror:sortOrder>3</ror:sortOrder>
     <ror:resourceOf>sitemap</ror:resourceOf>
</item>
<item>
     <link>http://www.geofx.com/graphics/nehe-three-js/lessons25-32/lesson29/lesson29.html</link>
     <title>Lesson 29 - NeHe, three.js and WebGL - Tutorial - GeoFX</title>
     <description>NeHe Lesson 29 in three.js and WebGL, developed by Geo-F/X - GeoFX</description>
     <ror:updatePeriod>monthly</ror:updatePeriod>
     <ror:sortOrder>3</ror:sortOrder>
     <ror:resourceOf>sitemap</ror:resourceOf>
</item>
<item>
     <link>http://www.geofx.com/graphics/nehe-three-js/lessons25-32/lesson30/lesson30.html</link>
     <title>Lesson 30 - NeHe, three.js and WebGL - Tutorial - GeoFX</title>
     <description>NeHe Lesson 30 in three.js and WebGL, developed by Geo-F/X - GeoFX</description>
     <ror:updatePeriod>monthly</ror:updatePeriod>
     <ror:sortOrder>3</ror:sortOrder>
     <ror:resourceOf>sitemap</ror:resourceOf>
</item>
<item>
     <link>http://www.geofx.com/graphics/nehe-three-js/lessons25-32/lesson31/lesson31.html</link>
     <title>Lesson 31 - NeHe, three.js and WebGL - Tutorial - GeoFX</title>
     <description>NeHe Lesson 31 in three.js and WebGL, developed by Geo-F/X - GeoFX</description>
     <ror:updatePeriod>monthly</ror:updatePeriod>
     <ror:sortOrder>3</ror:sortOrder>
     <ror:resourceOf>sitemap</ror:resourceOf>
</item>
<item>
     <link>http://www.geofx.com/graphics/nehe-three-js/lessons25-32/lesson32/lesson32.html</link>
     <title>Lesson 32 - NeHe, three.js and WebGL - Tutorial - GeoFX</title>
     <description>NeHe Lesson 32 in three.js and WebGL, developed by Geo-F/X - GeoFX</description>
     <ror:updatePeriod>monthly</ror:updatePeriod>
     <ror:sortOrder>3</ror:sortOrder>
     <ror:resourceOf>sitemap</ror:resourceOf>
</item>
<item>
     <link>http://www.geofx.com/graphics/nehe-three-js/lessons33-40/lesson33/lesson33.html</link>
     <title>Lesson 32 - NeHe, three.js and WebGL - Tutorial - GeoFX</title>
     <description>NeHe Lesson 34 in three.js and WebGL, developed by Geo-F/X - GeoFX</description>
     <ror:updatePeriod>monthly</ror:updatePeriod>
     <ror:sortOrder>3</ror:sortOrder>
     <ror:resourceOf>sitemap</ror:resourceOf>
</item>
<item>
     <link>http://www.geofx.com/graphics/nehe-three-js/lessons33-40/lesson34/lesson34.html</link>
     <title>Lesson 34 - NeHe, three.js and WebGL - Tutorial - GeoFX</title>
     <description>NeHe Lesson 34 in three.js and WebGL, developed by Geo-F/X - GeoFX</description>
     <ror:updatePeriod>monthly</ror:updatePeriod>
     <ror:sortOrder>3</ror:sortOrder>
     <ror:resourceOf>sitemap</ror:resourceOf>
</item>
<item>
     <link>http://www.geofx.com/graphics/nehe-three-js/lessons33-40/lesson35/lesson35.html</link>
     <title>Lesson 32 - NeHe, three.js and WebGL - Tutorial - GeoFX</title>
     <description>NeHe Lesson 34 in three.js and WebGL, developed by Geo-F/X - GeoFX</description>
     <ror:updatePeriod>monthly</ror:updatePeriod>
     <ror:sortOrder>3</ror:sortOrder>
     <ror:resourceOf>sitemap</ror:resourceOf>
</item>
<item>
     <link>http://www.geofx.com/graphics/nehe-three-js/lessons33-40/lesson36/lesson36.html</link>
     <title>Lesson 32 - NeHe, three.js and WebGL - Tutorial - GeoFX</title>
     <description>NeHe Lesson 34 in three.js and WebGL, developed by Geo-F/X - GeoFX</description>
     <ror:updatePeriod>monthly</ror:updatePeriod>
     <ror:sortOrder>3</ror:sortOrder>
     <ror:resourceOf>sitemap</ror:resourceOf>
</item>
<item>
     <link>http://www.geofx.com/graphics/nehe-three-js/lessons33-40/lesson37/lesson37.html</link>
     <title>Lesson 37 - NeHe, three.js and WebGL - Tutorial - GeoFX</title>
     <description>NeHe Lesson 34 in three.js and WebGL, developed by Geo-F/X - GeoFX</description>
     <ror:updatePeriod>monthly</ror:updatePeriod>
     <ror:sortOrder>3</ror:sortOrder>
     <ror:resourceOf>sitemap</ror:resourceOf>
</item>
<item>
     <link>http://www.geofx.com/graphics/nehe-three-js/lessons33-40/lesson38/lesson38.html</link>
     <title>Lesson 32 - NeHe, three.js and WebGL - Tutorial - GeoFX</title>
     <description>NeHe Lesson 34 in three.js and WebGL, developed by Geo-F/X - GeoFX</description>
     <ror:updatePeriod>monthly</ror:updatePeriod>
     <ror:sortOrder>3</ror:sortOrder>
     <ror:resourceOf>sitemap</ror:resourceOf>
</item>
<item>
     <link>http://www.geofx.com/graphics/nehe-three-js/lessons33-40/lesson39/lesson39.html</link>
     <title>Lesson 39 - NeHe, three.js and WebGL - Tutorial - GeoFX</title>
     <description>NeHe Lesson 34 in three.js and WebGL, developed by Geo-F/X - GeoFX</description>
     <ror:updatePeriod>monthly</ror:updatePeriod>
     <ror:sortOrder>3</ror:sortOrder>
     <ror:resourceOf>sitemap</ror:resourceOf>
</item>
<item>
     <link>http://www.geofx.com/graphics/nehe-three-js/lessons33-40/lesson40/lesson40.html</link>
     <title>Lesson 40 - Rope Physics - Tutorial - GeoFX</title>
     <description>NeHe Lesson 34 in three.js and WebGL, developed by Geo-F/X - GeoFX</description>
     <ror:updatePeriod>monthly</ror:updatePeriod>
     <ror:sortOrder>3</ror:sortOrder>
     <ror:resourceOf>sitemap</ror:resourceOf>
</item>
<item>
     <link>http://www.geofx.com/graphics/nehe-three-js/lessons41-48/lesson41/lesson41.html</link>
     <title>Lesson 41 - NeHe, three.js and WebGL - Tutorial - GeoFX</title>
     <description>NeHe Lesson 34 in three.js and WebGL, developed by Geo-F/X - GeoFX</description>
     <ror:updatePeriod>monthly</ror:updatePeriod>
     <ror:sortOrder>3</ror:sortOrder>
     <ror:resourceOf>sitemap</ror:resourceOf>
</item>
<item>
     <link>http://www.geofx.com/graphics/nehe-three-js/lessons41-48/lesson42/lesson42.html</link>
     <title>Lesson 32 - NeHe, three.js and WebGL - Tutorial - GeoFX</title>
     <description>NeHe Lesson 34 in three.js and WebGL, developed by Geo-F/X - GeoFX</description>
     <ror:updatePeriod>monthly</ror:updatePeriod>
     <ror:sortOrder>3</ror:sortOrder>
     <ror:resourceOf>sitemap</ror:resourceOf>
</item>
<item>
     <link>http://www.geofx.com/graphics/nehe-three-js/lessons41-48/lesson43/lesson43.html</link>
     <title>Lesson 32 - NeHe, three.js and WebGL - Tutorial - GeoFX</title>
     <description>NeHe Lesson 34 in three.js and WebGL, developed by Geo-F/X - GeoFX</description>
     <ror:updatePeriod>monthly</ror:updatePeriod>
     <ror:sortOrder>3</ror:sortOrder>
     <ror:resourceOf>sitemap</ror:resourceOf>
</item>
<item>
     <link>http://www.geofx.com/graphics/nehe-three-js/lessons41-48/lesson44/lesson44.html</link>
     <title>Lesson 32 - NeHe, three.js and WebGL - Tutorial - GeoFX</title>
     <description>NeHe Lesson 34 in three.js and WebGL, developed by Geo-F/X - GeoFX</description>
     <ror:updatePeriod>monthly</ror:updatePeriod>
     <ror:sortOrder>3</ror:sortOrder>
     <ror:resourceOf>sitemap</ror:resourceOf>
</item>
<item>
     <link>http://www.geofx.com/graphics/nehe-three-js/lessons41-48/lesson45/lesson45.html</link>
     <title>Lesson 32 - NeHe, three.js and WebGL - Tutorial - GeoFX</title>
     <description>NeHe Lesson 34 in three.js and WebGL, developed by Geo-F/X - GeoFX</description>
     <ror:updatePeriod>monthly</ror:updatePeriod>
     <ror:sortOrder>3</ror:sortOrder>
     <ror:resourceOf>sitemap</ror:resourceOf>
</item>
<item>
     <link>http://www.geofx.com/graphics/nehe-three-js/lessons41-48/lesson46/lesson46.html</link>
     <title>Lesson 32 - NeHe, three.js and WebGL - Tutorial - GeoFX</title>
     <description>NeHe Lesson 34 in three.js and WebGL, developed by Geo-F/X - GeoFX</description>
     <ror:updatePeriod>monthly</ror:updatePeriod>
     <ror:sortOrder>3</ror:sortOrder>
     <ror:resourceOf>sitemap</ror:resourceOf>
</item>
<item>
     <link>http://www.geofx.com/graphics/nehe-three-js/lessons41-48/lesson47/lesson47.html</link>
     <title>Lesson 32 - NeHe, three.js and WebGL - Tutorial - GeoFX</title>
     <description>NeHe Lesson 34 in three.js and WebGL, developed by Geo-F/X - GeoFX</description>
     <ror:updatePeriod>monthly</ror:updatePeriod>
     <ror:sortOrder>3</ror:sortOrder>
     <ror:resourceOf>sitemap</ror:resourceOf>
</item>
<item>
     <link>http://www.geofx.com/graphics/nehe-three-js/lessons41-48/lesson48/lesson48.html</link>
     <title>Lesson 32 - NeHe, three.js and WebGL - Tutorial - GeoFX</title>
     <description>NeHe Lesson 34 in three.js and WebGL, developed by Geo-F/X - GeoFX</description>
     <ror:updatePeriod>monthly</ror:updatePeriod>
     <ror:sortOrder>3</ror:sortOrder>
     <ror:resourceOf>sitemap</ror:resourceOf>
</item>
<item>
     <link>http://www.geofx.com/graphics/svg-anim/lesson6/lesson6-svg.html</link>
     <title>Lesson 6</title>
     <description>Lesson 6</description>
     <ror:updatePeriod>monthly</ror:updatePeriod>
     <ror:sortOrder>3</ror:sortOrder>
     <ror:resourceOf>sitemap</ror:resourceOf>
</item>
<item>
     <link>http://www.geofx.com/graphics/svg-anim/lesson7/lesson7-svg.html</link>
     <title>Lesson 7</title>
     <description>Lesson 7</description>
     <ror:updatePeriod>monthly</ror:updatePeriod>
     <ror:sortOrder>3</ror:sortOrder>
     <ror:resourceOf>sitemap</ror:resourceOf>
</item>
<item>
     <link>http://www.geofx.com/graphics/svg-anim/hurricane/hurricane-svg.html</link>
     <title>Hurricane SVG</title>
     <description>Hurricane SVG</description>
     <ror:updatePeriod>monthly</ror:updatePeriod>
     <ror:sortOrder>3</ror:sortOrder>
     <ror:resourceOf>sitemap</ror:resourceOf>
</item>
<item>
     <link>http://www.geofx.com/graphics/svg-anim/statepop/statepop-svg.html</link>
     <title>State Population SVG</title>
     <description>State Population SVG</description>
     <ror:updatePeriod>monthly</ror:updatePeriod>
     <ror:sortOrder>3</ror:sortOrder>
     <ror:resourceOf>sitemap</ror:resourceOf>
</item>
<item>
     <link>http://www.geofx.com/graphics/nehe-three-js/lessons09-16/lesson10/lesson10webgl.html</link>
     <title>Three.js/NEHE Tutorial #10</title>
     <description>Three.js/NEHE Tutorial #10</description>
     <ror:updatePeriod>monthly</ror:updatePeriod>
     <ror:sortOrder>3</ror:sortOrder>
     <ror:resourceOf>sitemap</ror:resourceOf>
</item>
<item>
     <link>http://www.geofx.com/graphics/nehe-three-js/lessons01-08/lesson02/lesson02webgl.html</link>
     <title>Three.js tutorial - Lesson 02</title>
     <description>Three.js tutorial - Lesson 02</description>
     <ror:updatePeriod>monthly</ror:updatePeriod>
     <ror:sortOrder>3</ror:sortOrder>
     <ror:resourceOf>sitemap</ror:resourceOf>
</item>
<item>
     <link>http://www.geofx.com/graphics/nehe-three-js/lessons01-08/lesson03/lesson03webgl.html</link>
     <title>Three.js tutorial - Lesson 03</title>
     <description>Three.js tutorial - Lesson 03</description>
     <ror:updatePeriod>monthly</ror:updatePeriod>
     <ror:sortOrder>3</ror:sortOrder>
     <ror:resourceOf>sitemap</ror:resourceOf>
</item>
<item>
     <link>http://www.geofx.com/graphics/nehe-three-js/lessons01-08/lesson04/lesson04webgl.html</link>
     <title>NeHe-Lesson 4</title>
     <description>NeHe-Lesson 4</description>
     <ror:updatePeriod>monthly</ror:updatePeriod>
     <ror:sortOrder>3</ror:sortOrder>
     <ror:resourceOf>sitemap</ror:resourceOf>
</item>
<item>
     <link>http://www.geofx.com/graphics/nehe-three-js/lessons01-08/lesson05/lesson05webgl.html</link>
     <title>NeHe - Lesson 05</title>
     <description>NeHe - Lesson 05</description>
     <ror:updatePeriod>monthly</ror:updatePeriod>
     <ror:sortOrder>3</ror:sortOrder>
     <ror:resourceOf>sitemap</ror:resourceOf>
</item>
<item>
     <link>http://www.geofx.com/graphics/nehe-three-js/lessons01-08/lesson06/lesson06webgl.html</link>
     <title>Three.js tutorial - Lesson 06</title>
     <description>Three.js tutorial - Lesson 06</description>
     <ror:updatePeriod>monthly</ror:updatePeriod>
     <ror:sortOrder>3</ror:sortOrder>
     <ror:resourceOf>sitemap</ror:resourceOf>
</item>
<item>
     <link>http://www.geofx.com/graphics/nehe-three-js/lessons01-08/lesson07/lesson07webgl.html</link>
     <title>Three.js tutorial - Lesson 07</title>
     <description>Three.js tutorial - Lesson 07</description>
     <ror:updatePeriod>monthly</ror:updatePeriod>
     <ror:sortOrder>3</ror:sortOrder>
     <ror:resourceOf>sitemap</ror:resourceOf>
</item>
<item>
     <link>http://www.geofx.com/graphics/nehe-three-js/lessons01-08/lesson08/lesson08webgl.html</link>
     <title>Three.js tutorial - Lesson 08</title>
     <description>Three.js tutorial - Lesson 08</description>
     <ror:updatePeriod>monthly</ror:updatePeriod>
     <ror:sortOrder>3</ror:sortOrder>
     <ror:resourceOf>sitemap</ror:resourceOf>
</item>
<item>
     <link>http://www.geofx.com/graphics/nehe-three-js/lessons01-08/lesson02/lesson02.html</link>
     <title>Lesson 2 - NeHe, three.js and WebGL - Tutorial - GeoFX</title>
     <description>NeHe Lesson 2 in three.js and WebGL, developed by Geo-F/X - GeoFX</description>
     <ror:updatePeriod>monthly</ror:updatePeriod>
     <ror:sortOrder>4</ror:sortOrder>
     <ror:resourceOf>sitemap</ror:resourceOf>
</item>
<item>
     <link>http://www.geofx.com/graphics/nehe-three-js/lessons09-16/lesson09/lesson09webgl.html</link>
     <title>Three.js tutorial - Lesson 09</title>
     <description>Three.js tutorial - Lesson 09</description>
     <ror:updatePeriod>monthly</ror:updatePeriod>
     <ror:sortOrder>4</ror:sortOrder>
     <ror:resourceOf>sitemap</ror:resourceOf>
</item>
<item>
     <link>http://www.geofx.com/graphics/nehe-three-js/lessons09-16/lesson11/lesson11webgl.html</link>
     <title>NEHE Tutorial #11</title>
     <description>NEHE Tutorial #11</description>
     <ror:updatePeriod>monthly</ror:updatePeriod>
     <ror:sortOrder>4</ror:sortOrder>
     <ror:resourceOf>sitemap</ror:resourceOf>
</item>
<item>
     <link>http://www.geofx.com/graphics/nehe-three-js/lessons09-16/lesson13/lesson13webgl.html</link>
     <title>NEHE Tutorial #13</title>
     <description>NEHE Tutorial #13</description>
     <ror:updatePeriod>monthly</ror:updatePeriod>
     <ror:sortOrder>4</ror:sortOrder>
     <ror:resourceOf>sitemap</ror:resourceOf>
</item>
<item>
     <link>http://www.geofx.com/graphics/nehe-three-js/lessons09-16/lesson14/lesson14webgl.html</link>
     <title>NEHE Tutorial 14</title>
     <description>NEHE Tutorial 14</description>
     <ror:updatePeriod>monthly</ror:updatePeriod>
     <ror:sortOrder>4</ror:sortOrder>
     <ror:resourceOf>sitemap</ror:resourceOf>
</item>
<item>
     <link>http://www.geofx.com/graphics/nehe-three-js/lessons09-16/lesson15/lesson15webgl.html</link>
     <title>NEHE Tutorial 15</title>
     <description>NEHE Tutorial 15</description>
     <ror:updatePeriod>monthly</ror:updatePeriod>
     <ror:sortOrder>4</ror:sortOrder>
     <ror:resourceOf>sitemap</ror:resourceOf>
</item>
<item>
     <link>http://www.geofx.com/graphics/nehe-three-js/lessons09-16/lesson16/lesson16webgl.html</link>
     <title>NEHE Tutorial 16</title>
     <description>NEHE Tutorial 16</description>
     <ror:updatePeriod>monthly</ror:updatePeriod>
     <ror:sortOrder>4</ror:sortOrder>
     <ror:resourceOf>sitemap</ror:resourceOf>
</item>
<item>
     <link>http://www.geofx.com/graphics/nehe-three-js/lessons17-24/lesson17/lesson17webgl.html</link>
     <title>Three.js tutorial - Lesson 17</title>
     <description>Three.js tutorial - Lesson 17</description>
     <ror:updatePeriod>monthly</ror:updatePeriod>
     <ror:sortOrder>4</ror:sortOrder>
     <ror:resourceOf>sitemap</ror:resourceOf>
</item>
<item>
     <link>http://www.geofx.com/graphics/nehe-three-js/lessons17-24/lesson18/lesson18webgl.html</link>
     <title>NEHE Lesson 18</title>
     <description>NEHE Lesson 18</description>
     <ror:updatePeriod>monthly</ror:updatePeriod>
     <ror:sortOrder>4</ror:sortOrder>
     <ror:resourceOf>sitemap</ror:resourceOf>
</item>
<item>
     <link>http://www.geofx.com/graphics/nehe-three-js/lessons17-24/lesson19/lesson19webgl.html</link>
     <title>NEHE Lesson 19</title>
     <description>NEHE Lesson 19</description>
     <ror:updatePeriod>monthly</ror:updatePeriod>
     <ror:sortOrder>4</ror:sortOrder>
     <ror:resourceOf>sitemap</ror:resourceOf>
</item>
<item>
     <link>http://www.geofx.com/graphics/nehe-three-js/lessons17-24/lesson20/lesson20webgl.html</link>
     <title>NeHe - Lesson 20 - Alpha Masks</title>
     <description>NeHe - Lesson 20 - Alpha Masks</description>
     <ror:updatePeriod>monthly</ror:updatePeriod>
     <ror:sortOrder>4</ror:sortOrder>
     <ror:resourceOf>sitemap</ror:resourceOf>
</item>
<item>
     <link>http://www.geofx.com/graphics/nehe-three-js/lessons17-24/lesson21/lesson21webgl.html</link>
     <title>NEHE Tutorial 21</title>
     <description>NEHE Tutorial 21</description>
     <ror:updatePeriod>monthly</ror:updatePeriod>
     <ror:sortOrder>4</ror:sortOrder>
     <ror:resourceOf>sitemap</ror:resourceOf>
</item>
<item>
     <link>http://www.geofx.com/graphics/nehe-three-js/lessons17-24/lesson22/lesson22webgl.html</link>
     <title>NeHe - Lesson 22 - Bump Mapping</title>
     <description>NeHe - Lesson 22 - Bump Mapping</description>
     <ror:updatePeriod>monthly</ror:updatePeriod>
     <ror:sortOrder>4</ror:sortOrder>
     <ror:resourceOf>sitemap</ror:resourceOf>
</item>
<item>
     <link>http://www.geofx.com/graphics/nehe-three-js/lessons17-24/lesson23/lesson23webgl.html</link>
     <title>NEHE Lesson 23</title>
     <description>NEHE Lesson 23</description>
     <ror:updatePeriod>monthly</ror:updatePeriod>
     <ror:sortOrder>4</ror:sortOrder>
     <ror:resourceOf>sitemap</ror:resourceOf>
</item>
<item>
     <link>http://www.geofx.com/graphics/nehe-three-js/lessons25-32/lesson25/lesson25webgl.html</link>
     <title>NEHE Lesson 25</title>
     <description>NEHE Lesson 25</description>
     <ror:updatePeriod>monthly</ror:updatePeriod>
     <ror:sortOrder>4</ror:sortOrder>
     <ror:resourceOf>sitemap</ror:resourceOf>
</item>
<item>
     <link>http://www.geofx.com/graphics/nehe-three-js/lessons25-32/lesson26/lesson26webgl.html</link>
     <title>NEHE Lesson 26</title>
     <description>NEHE Lesson 26</description>
     <ror:updatePeriod>monthly</ror:updatePeriod>
     <ror:sortOrder>4</ror:sortOrder>
     <ror:resourceOf>sitemap</ror:resourceOf>
</item>
<item>
     <link>http://www.geofx.com/graphics/nehe-three-js/lessons25-32/lesson27/lesson27webgl.html</link>
     <title>NEHE Lesson 27</title>
     <description>NEHE Lesson 27</description>
     <ror:updatePeriod>monthly</ror:updatePeriod>
     <ror:sortOrder>4</ror:sortOrder>
     <ror:resourceOf>sitemap</ror:resourceOf>
</item>
<item>
     <link>http://www.geofx.com/graphics/nehe-three-js/lessons25-32/lesson28/lesson28webgl.html</link>
     <title>NEHE Lesson 28</title>
     <description>NEHE Lesson 28</description>
     <ror:updatePeriod>monthly</ror:updatePeriod>
     <ror:sortOrder>4</ror:sortOrder>
     <ror:resourceOf>sitemap</ror:resourceOf>
</item>
<item>
     <link>http://www.geofx.com/graphics/nehe-three-js/lessons25-32/lesson29/lesson29webgl.html</link>
     <title>NEHE Lesson 29</title>
     <description>NEHE Lesson 29</description>
     <ror:updatePeriod>monthly</ror:updatePeriod>
     <ror:sortOrder>4</ror:sortOrder>
     <ror:resourceOf>sitemap</ror:resourceOf>
</item>
<item>
     <link>http://www.geofx.com/graphics/nehe-three-js/lessons25-32/lesson30/lesson30webgl.html</link>
     <title>NEHE Lesson 30</title>
     <description>NEHE Lesson 30</description>
     <ror:updatePeriod>monthly</ror:updatePeriod>
     <ror:sortOrder>4</ror:sortOrder>
     <ror:resourceOf>sitemap</ror:resourceOf>
</item>
<item>
     <link>http://www.geofx.com/graphics/nehe-three-js/lessons25-32/lesson31/lesson31webgl.html</link>
     <title>NEHE Tutorial 31</title>
     <description>NEHE Tutorial 31</description>
     <ror:updatePeriod>monthly</ror:updatePeriod>
     <ror:sortOrder>4</ror:sortOrder>
     <ror:resourceOf>sitemap</ror:resourceOf>
</item>
<item>
     <link>http://www.geofx.com/graphics/nehe-three-js/lessons25-32/lesson32/lesson32webgl.html</link>
     <title>NEHE Lesson 32</title>
     <description>NEHE Lesson 32</description>
     <ror:updatePeriod>monthly</ror:updatePeriod>
     <ror:sortOrder>4</ror:sortOrder>
     <ror:resourceOf>sitemap</ror:resourceOf>
</item>
<item>
     <link>http://www.geofx.com/graphics/nehe-three-js/lessons33-40/lesson34/lesson34webgl.html</link>
     <title>NEHE Lesson 34</title>
     <description>NEHE Lesson 34</description>
     <ror:updatePeriod>monthly</ror:updatePeriod>
     <ror:sortOrder>4</ror:sortOrder>
     <ror:resourceOf>sitemap</ror:resourceOf>
</item>
<item>
     <link>http://www.geofx.com/graphics/nehe-three-js/lessons33-40/lesson35/lesson35webgl.html</link>
     <title>NEHE Lesson 35</title>
     <description>NEHE Lesson 35</description>
     <ror:updatePeriod>monthly</ror:updatePeriod>
     <ror:sortOrder>4</ror:sortOrder>
     <ror:resourceOf>sitemap</ror:resourceOf>
</item>
<item>
     <link>http://www.geofx.com/graphics/nehe-three-js/lessons33-40/lesson36/lesson36webgl.html</link>
     <title>NEHE Lesson 36</title>
     <description>NEHE Lesson 36</description>
     <ror:updatePeriod>monthly</ror:updatePeriod>
     <ror:sortOrder>4</ror:sortOrder>
     <ror:resourceOf>sitemap</ror:resourceOf>
</item>
<item>
     <link>http://www.geofx.com/graphics/nehe-three-js/lessons33-40/lesson37/lesson37webgl.html</link>
     <title>NEHE Lesson 37</title>
     <description>NEHE Lesson 37</description>
     <ror:updatePeriod>monthly</ror:updatePeriod>
     <ror:sortOrder>4</ror:sortOrder>
     <ror:resourceOf>sitemap</ror:resourceOf>
</item>
<item>
     <link>http://www.geofx.com/graphics/nehe-three-js/lessons33-40/lesson39/lesson39webgl.html</link>
     <title>NEHE Lesson 39</title>
     <description>NEHE Lesson 39</description>
     <ror:updatePeriod>monthly</ror:updatePeriod>
     <ror:sortOrder>4</ror:sortOrder>
     <ror:resourceOf>sitemap</ror:resourceOf>
</item>
<item>
     <link>http://www.geofx.com/graphics/nehe-three-js/lessons33-40/lesson40/lesson40webgl.html</link>
     <title>NEHE Lesson 40</title>
     <description>NEHE Lesson 40</description>
     <ror:updatePeriod>monthly</ror:updatePeriod>
     <ror:sortOrder>4</ror:sortOrder>
     <ror:resourceOf>sitemap</ror:resourceOf>
</item>
<item>
     <link>http://www.geofx.com/graphics/nehe-three-js/lessons41-48/lesson41/lesson41webgl.html</link>
     <title>NEHE Lesson 41</title>
     <description>NEHE Lesson 41</description>
     <ror:updatePeriod>monthly</ror:updatePeriod>
     <ror:sortOrder>4</ror:sortOrder>
     <ror:resourceOf>sitemap</ror:resourceOf>
</item>
<item>
     <link>http://www.geofx.com/graphics/nehe-three-js/lessons41-48/lesson42/lesson42webgl.html</link>
     <title>NEHE Lesson 42</title>
     <description>NEHE Lesson 42</description>
     <ror:updatePeriod>monthly</ror:updatePeriod>
     <ror:sortOrder>4</ror:sortOrder>
     <ror:resourceOf>sitemap</ror:resourceOf>
</item>
<item>
     <link>http://www.geofx.com/graphics/nehe-three-js/lessons41-48/lesson44/lesson44webgl.html</link>
     <title>NEHE Lesson 44</title>
     <description>NEHE Lesson 44</description>
     <ror:updatePeriod>monthly</ror:updatePeriod>
     <ror:sortOrder>4</ror:sortOrder>
     <ror:resourceOf>sitemap</ror:resourceOf>
</item>
</channel>
</rss>
  